Price,Close,High,Low,Open,Volume,MA20,MA50
Ticker,AAPL,AAPL,AAPL,AAPL,AAPL,,
Date,,,,,,,
2022-01-03,178.10365295410156,178.95499096160628,173.895952516217,174.01337226981713,104487900,,
2022-01-04,175.84323120117188,179.01369889567948,175.2756775127618,178.71035458130368,99310400,,
2022-01-05,171.1658477783203,176.30317175638402,170.8918583606612,175.75519292106577,94537600,,
2022-01-06,168.30848693847656,171.53766438344002,167.95621276391145,168.99346035254746,96904000,,
2022-01-07,168.474853515625,170.40257420223315,167.35932100577125,169.17940193566972,86709100,,
2022-01-10,168.49441528320312,168.79775959259328,164.5606894006289,165.45116232460057,106765600,,
2022-01-11,171.3223876953125,171.4202325096092,167.15382233749222,168.62162893365016,76138300,,
2022-01-12,171.76272583007812,173.37730710526796,171.06797240622825,172.34005950483805,74805200,,
2022-01-13,168.49441528320312,172.82933029006384,168.10299122971512,172.0073621746904,84505800,,
2022-01-14,169.35552978515625,170.0502832024392,167.4180143556812,167.66264878484014,80440800,,
2022-01-18,166.1557159423828,168.83689986985863,165.77408681023036,167.82900716362772,90956700,,
2022-01-19,162.66232299804688,167.40823697043027,162.3785536255594,166.35141442818917,94815000,,
2022-01-20,160.979248046875,166.03828667936338,160.65632878123083,163.3962376065405,91420500,,
2022-01-21,158.92434692382812,162.76021377251277,158.81670715554318,160.89120276470334,122848900,,
2022-01-24,158.15126037597656,158.8166737850042,151.37978119467465,156.58560899416545,162294600,,
2022-01-25,156.3507843017578,159.26682305990172,153.65002507588994,155.56795099632697,115798400,,
2022-01-26,156.26271057128906,160.8618354481178,154.43284958250229,159.99093736491258,108275300,,
2022-01-27,155.80282592773438,160.3236668366123,154.88299779290693,158.96349957568594,121954600,,
2022-01-28,166.67431640625,166.69389133962514,159.3059292425837,162.15347733104576,179935700,,
2022-01-31,171.0288543701172,171.24413390438698,165.8719554140601,166.5080140130585,115541600,166.2158966064453,
2022-02-01,170.86251831054688,171.08757786653237,168.6118779567779,170.27538954650115,86213900,165.85383987426758,
2022-02-02,172.0660858154297,172.105235689561,169.6099612749151,170.9994831805343,84914300,165.66498260498048,
2022-02-03,169.18919372558594,172.4575215973305,168.42593537257994,170.7352853699913,89418100,165.56614990234374,
2022-02-04,168.90504455566406,170.5804825811808,167.22960653014735,168.20939100229583,82465400,165.59597778320312,
2022-02-07,168.18984985351562,170.43355030058285,167.49419611908272,169.36558853604996,77251200,165.58172760009765,
2022-02-08,171.2957305908203,171.80522273077705,167.96445422996524,168.2583925780297,74829200,165.7217933654785,
2022-02-09,172.71646118164062,173.0789767689882,171.36435339049424,172.49111486655937,71285000,165.79149703979493,
2022-02-10,168.6405029296875,171.93257943938036,168.08203354026793,170.6196718007765,90865900,165.6353858947754,
2022-02-11,165.2308807373047,169.5811269216294,164.64300397443432,168.846288443205,98670700,165.47220916748046,
2022-02-14,165.46600341796875,166.1518495458794,163.19289630795137,163.98651932384257,86185500,165.2777328491211,
2022-02-15,169.2969512939453,169.45372039657573,166.80830532856646,167.51375134007887,62527400,165.4347946166992,
2022-02-16,169.06182861328125,169.83585183660028,166.6123672162483,168.3759824121772,61177400,165.75476989746093,
2022-02-17,165.46600341796875,168.43474911832254,165.06428820364812,167.57253401447812,69589300,165.97910766601564,
2022-02-18,163.91796875,167.0924613280084,162.83040723152354,166.3870301609273,82772700,166.22878875732422,
2022-02-22,160.9982147216797,163.3202994694817,158.87206895600934,161.6448612037598,91162800,166.3711364746094,
2022-02-23,156.83412170410156,162.7911986729469,156.52058346872764,162.19352949330056,90009200,166.39530334472656,
2022-02-24,159.45013427734375,159.55791116992768,148.9272434071185,149.49552020889521,141147500,166.5546745300293,
2022-02-25,161.51748657226562,161.78201763247694,157.61793335879435,160.52789462372328,91974200,166.84040756225585,
2022-02-28,161.78204345703125,162.0759818545117,159.1464202451589,159.76368938483503,95056600,166.5957939147949,
2022-03-01,159.90081787109375,163.23209394256236,158.69568719407653,161.37049453342058,83474400,166.03939208984374,
2022-03-02,163.19290161132812,163.97673219026618,159.65587901852524,161.0667710705488,79724800,165.65591125488282,
2022-03-03,162.86956787109375,165.49539801856008,162.20332160924863,165.06429046074288,76678400,165.19608535766602,
2022-03-04,159.8714599609375,162.20335221808782,158.82309815688976,161.16478287844762,83737200,164.7301986694336,
2022-03-07,156.07969665527344,161.68406601052743,155.8249430798264,160.05761991470098,96418800,164.08893127441405,
2022-03-08,154.25729370117188,159.58732445146612,152.65044751471495,155.6094012673305,131148300,163.39230346679688,
2022-03-09,159.65589904785156,160.10660654613918,156.1874681101056,158.2156144765831,91454900,162.81031188964843,
2022-03-10,155.31544494628906,157.14763719865718,152.82678391494153,156.9614757494235,105342000,161.94026107788085,
2022-03-11,151.60206604003906,156.06008893270172,151.37671976951566,155.71715834467904,96970100,161.08833923339844,
2022-03-14,147.57513427734375,151.0043799732345,147.06565710961667,148.38835719355112,108732100,160.2055519104004,
2022-03-15,151.95477294921875,152.42508026860065,147.33999637401098,147.84947354452075,92964300,159.52999038696288,164.14960021972655
2022-03-16,156.3638153076172,156.76553056777536,151.3375306500096,153.8751690879972,102300200,158.8833335876465,163.71480346679687
2022-03-17,157.37298583984375,157.7453087439647,154.44343967423552,155.40362432397723,75615400,158.29889144897462,163.3453985595703
2022-03-18,160.66505432128906,161.1549465596943,156.53036263312293,157.2652009907308,123511700,158.05884399414063,163.13538269042968
2022-03-21,162.03675842285156,162.98715054298916,159.71465909153343,160.20455132045697,95811400,157.96478347778321,163.0099481201172
2022-03-22,165.40728759765625,165.99514954472423,161.5763251987248,162.16418714579277,81532000,158.18523712158202,162.94859680175782
2022-03-23,166.76913452148438,169.15000379737148,164.2608735199057,164.5940116285297,98062700,158.68198776245117,162.91409118652345
2022-03-24,170.5511016845703,170.61967882805246,166.76913277034842,167.60194065734933,90131400,159.2370361328125,162.8986654663086
2022-03-25,171.18795776367188,171.73663471959298,169.25778100424003,170.36494232979024,80546200,159.7205596923828,162.88717010498047
2022-03-28,172.05018615722656,172.17754799227433,168.5229555265403,168.6895171187773,90371900,160.23396682739258,162.95828552246093
2022-03-29,175.34222412109375,175.39120138120336,172.77517880756406,173.11810933027303,100589400,161.00603713989258,163.0780194091797
2022-03-30,174.17628479003906,175.97908457885987,173.12790825883917,174.9405154603071,92633200,161.55520629882812,163.23843078613282
2022-03-31,171.08016967773438,174.4310308254092,170.8744083575564,174.2448693810398,103049300,161.96573638916016,163.40678771972657
2022-04-01,170.78623962402344,171.34472398421482,168.46415506398156,170.5119011506989,78751300,162.51147537231446,163.60292755126954
2022-04-04,174.83274841308594,174.8817406281064,170.9136104166494,171.0409871856376,76468400,163.4491279602051,163.9210955810547
2022-04-05,171.52105712890625,174.695564012496,170.89399570193683,173.9117334912033,73401800,164.31231613159179,164.1884915161133
2022-04-06,168.3563690185547,170.1199840728932,166.69073839236125,168.87565359700926,89058800,164.74733963012696,164.4286032104492
2022-04-07,168.66009521484375,169.85543344405016,166.41639539463952,167.69991063657648,77594700,165.4145721435547,164.6765509033203
2022-04-08,166.6515350341797,168.30737316185164,165.77952746373003,168.30737316185164,76575500,166.16704559326172,164.89352508544923
2022-04-11,162.3992919921875,165.61298417615765,162.1543458504195,165.29946088886413,72246700,166.90825347900392,164.80802459716796
2022-04-12,164.2706298828125,166.43594468915688,163.27124576817297,164.62335280854873,79265200,167.5240463256836,164.67286010742188
2022-04-13,166.9552764892578,167.58233798502656,163.39866884231074,164.00613046155772,70618900,168.05361938476562,164.5947152709961
2022-04-14,161.9485626220703,167.80768430539896,161.70361651341247,167.17081545269417,75329400,168.28239822387695,164.3923648071289
2022-04-18,161.73306274414062,163.23213209405864,160.26338573831293,160.6063014028095,69023900,168.33579864501954,164.2432421875
2022-04-19,164.0159149169922,164.4274375522312,160.59647667199232,161.6840380358106,67723800,168.43475646972655,164.14545959472656
2022-04-20,163.849365234375,165.4660187034269,162.74221886501599,165.34843439183405,67929800,168.3568603515625,164.05864990234375
2022-04-21,163.05575561523438,168.06245565058305,162.5560708382442,165.49542471534926,87227800,168.17119140625,163.89385040283204
2022-04-22,158.5193634033203,164.4764562999452,158.235232412427,163.0949712058386,84882400,167.5696044921875,163.60990844726564
2022-04-25,159.58731079101562,159.87144172970685,155.2566649146805,157.862880430984,96046400,166.98957214355468,163.42884460449218
2022-04-26,153.6302032470703,159.05820246882445,153.55181869779824,158.9700254572649,95623200,166.06857299804688,163.1968310546875
2022-04-27,153.40487670898438,156.55976925790796,152.23893068313222,152.75821530720194,88063200,164.9717056274414,162.9556085205078
2022-04-28,160.33192443847656,161.19413952588084,155.71713316880462,156.0306713643422,130216800,164.27948760986328,162.77630798339842
2022-04-29,154.4630126953125,162.84017274008735,154.0711048951049,158.5683119363977,131747600,163.4486297607422,162.48433166503906
2022-05-02,154.76678466796875,155.0313157503038,150.17159242252777,153.5420538968097,123055300,162.64765701293945,162.27034729003907
2022-05-03,156.2560272216797,157.46117291588328,153.15991957685017,154.95291204808,88966500,161.71882095336915,162.11710845947266
2022-05-04,162.66384887695312,163.11454143572888,156.04049519291306,156.44221048032446,108256500,161.27596054077148,162.15042114257812
2022-05-05,153.60079956054688,160.7630208987196,151.8175848345959,160.53767468016548,130525300,160.5381820678711,162.08575469970702
2022-05-06,154.32691955566406,156.44636712680793,151.2851189689877,153.0807608024048,116124600,159.8215232849121,161.98329040527344
2022-05-09,149.20489501953125,152.90411309612608,148.64560521517865,152.0210026549501,131577900,158.94919128417968,161.73703857421876
2022-05-10,151.60890197753906,153.79704209180267,150.05856639249635,152.5999477156594,115366700,158.40967178344727,161.5335757446289
2022-05-11,143.7493133544922,152.53126499841446,143.0722664113859,150.61788122808568,142689800,157.38360595703125,161.21054565429688
2022-05-12,139.88330078125,143.45495579096956,136.19390367446763,140.08936442340104,182602000,156.03000717163087,160.74435363769533
2022-05-13,144.347900390625,145.31931779066926,140.4230033804494,141.87521108197208,113990900,155.14997406005858,160.37392028808594
2022-05-16,142.80734252929688,144.7501769403197,141.4728772141811,142.8171643521235,86643800,154.2036880493164,160.03263793945314
2022-05-17,146.43788146972656,146.95792901438662,143.9259353445969,146.0650115425021,78336300,153.3247863769531,159.8398016357422
2022-05-18,138.17599487304688,144.59319436014727,137.27325546059197,144.09277542323014,109742900,152.0411178588867,159.5181756591797
2022-05-19,134.77113342285156,139.00020681352638,134.03521536260072,137.2536291483144,136095600,150.62688674926758,159.02048034667968
2022-05-20,135.00662231445312,138.0582299092985,130.1201304167111,136.47845848613497,137426100,149.4512496948242,158.61430389404296
2022-05-23,140.42300415039062,140.57018180016163,135.06551311431642,135.202883911534,117726300,148.49303436279297,158.39072265625
2022-05-24,137.724609375,139.3043807072169,134.75150167714628,138.1661572066265,104132700,147.69775466918946,158.1937121582031
2022-05-25,137.8816375732422,139.12778160669652,135.74256089517434,135.83086748545804,92482700,146.92159271240234,157.9122494506836
2022-05-26,141.08038330078125,141.62986633656274,134.56505664226245,134.81036263839988,90601500,145.9590156555176,157.6065808105469
2022-05-27,146.83035278320312,146.86959515379783,142.53258704704527,142.6601509529846,90978500,145.5773826599121,157.39572814941405
2022-05-31,146.04537963867188,147.8312145429356,144.08293159739236,146.2710719434681,103718400,145.14131240844728,157.10333465576173
2022-06-01,145.9178466796875,148.8909545900905,144.90717205322113,147.08549081541827,74286600,144.62440338134766,156.78095642089843
2022-06-02,148.3708953857422,148.429766433254,144.1025647736461,145.05435330119587,72348100,143.9097557067871,156.44022857666016
2022-06-03,142.6503448486328,145.19171132509297,141.74762059734428,144.14179449565412,88570300,143.36223297119142,155.95785278320312
2022-06-06,143.39605712890625,145.78043894130977,142.179334128492,144.26934578263374,71598400,142.81568984985353,155.41475189208984
2022-06-07,145.9178466796875,146.20239508903217,141.39440285018887,141.63970888221743,67808200,142.65133743286134,154.90934967041017
2022-06-08,145.18191528320312,147.05604181726716,144.6913032640919,145.79026939576806,53950200,142.32998809814453,154.37198425292968
2022-06-09,139.96180725097656,145.17210490927135,139.85387199936835,144.31844471982856,69473000,142.14061279296874,153.66437591552733
2022-06-10,134.5552520751953,138.117085018381,134.48655920841233,137.64610169004794,91437900,141.87421035766602,152.87195526123048
2022-06-13,129.4038543701172,132.6615109809625,128.97211331960065,130.37525676148604,122207100,141.12700805664062,152.03842895507813
2022-06-14,130.2672882080078,131.37607607962988,129.0113227305463,130.63035125622758,84784300,140.50000534057617,151.22804992675782
2022-06-15,132.88717651367188,134.7613181921413,129.67858439406757,131.76858160626196,91533000,139.82247009277344,150.38913848876953
2022-06-16,127.61800384521484,129.90425779121338,126.61715107258264,129.60008071626916,108123900,139.29457054138183,149.5110774230957
2022-06-17,129.08982849121094,130.58129318016776,127.37268647196602,127.62781429709099,134520300,139.0105052947998,148.72574661254882
2022-06-21,133.31890869140625,134.48656772231706,130.8167993077871,130.91491273074396,81000500,138.92611961364747,148.0189228820801
2022-06-22,132.80868530273438,135.17342395812105,131.39572023105475,132.25918724085466,73409200,138.54540367126464,147.34206588745118
2022-06-23,135.67384338378906,135.98782727058793,133.08341268546732,134.2510716127321,72433800,138.4428653717041,146.80755691528321
2022-06-24,139.0001983642578,139.24550436943025,137.14568556404583,137.27323450557805,89116800,138.4987934112549,146.3021482849121
2022-06-27,139.0001983642578,140.79584011879487,138.32315139441545,140.02066475796738,70207900,138.3947841644287,145.74304672241212
2022-06-28,134.8594512939453,140.7271675936439,134.7417091855751,139.46139501178652,67083400,137.7962390899658,145.2012644958496
2022-06-29,136.61581420898438,138.02877917366496,134.10388314834785,134.87905849783044,66242400,137.32476081848145,144.6989195251465
2022-06-30,134.15292358398438,135.77193691877648,131.25831627242013,134.67297101745274,98964500,136.73651466369628,144.10165969848632
2022-07-01,136.32144165039062,136.42937688810812,133.11284998534265,133.48570492012948,71051600,136.1340419769287,143.55110122680665
2022-07-05,138.90208435058594,138.951148551157,134.35901187342057,135.18325151505502,73353800,135.94662895202637,143.06802780151367
2022-07-06,140.23655700683594,141.41402301996357,138.4311081218874,138.69604284083624,74064300,135.78865394592285,142.702371673584
2022-07-07,143.60215759277344,143.79839942455877,140.58979232323185,140.5995991745189,66253700,135.67286949157716,142.38266860961915
2022-07-08,144.27920532226562,144.77963926575595,142.27751446518533,142.53262737695925,64547800,135.62773399353028,142.19564865112304
2022-07-11,142.14991760253906,143.88668829327412,141.08038702449986,142.93489980535588,63141600,135.7371395111084,141.97054946899414
2022-07-12,143.12130737304688,145.6626734804045,142.32651847225287,143.0231790018653,77588800,136.165442276001,141.62633712768556
2022-07-13,142.75831604003906,143.70028289937923,139.45158026337106,140.30525550924634,71185600,136.83316535949706,141.3922431945801
2022-07-14,145.68234252929688,146.1533259024835,140.56035155748177,141.3747693527097,78140700,137.60391807556152,141.21055435180665
2022-07-15,147.3504180908203,148.02746510063992,145.4174054581408,146.96774129904725,76259900,138.32708015441895,141.03244216918947
2022-07-18,144.30860900878906,148.7241166459646,143.94554597746492,147.9096989962109,81420900,139.16161041259767,140.66533737182618
2022-07-19,148.16482543945312,148.39050276940443,144.1516228338136,145.1426536934173,82982400,140.11536026000977,140.5566178894043
2022-07-20,150.16653442382812,150.83377461851506,147.5466677906739,148.28258588894056,64823400,140.95774154663087,140.47341018676758
2022-07-21,152.43316650390625,152.64903699884627,149.08718880462706,151.5991200487024,65086600,141.93896560668946,140.53797561645507
2022-07-22,151.19680786132812,153.3456908921451,150.52958270466215,152.47240210045547,66675400,142.7151138305664,140.52973373413087
2022-07-25,150.07823181152344,152.1289867062053,149.42081342303993,151.11832702232695,53623900,143.26901550292968,140.6563121032715
2022-07-26,148.7535858154297,150.21560020375307,147.96860350790257,149.40118236976926,55138700,143.75668487548828,140.83371780395507
2022-07-27,153.84609985351562,154.37596918243503,149.30304304810883,149.7151553193297,78620700,144.7060173034668,141.0236817932129
2022-07-28,154.39559936523438,154.68014773185416,151.5107984661639,154.03253631118739,81378700,145.5950065612793,141.25544692993165
2022-07-29,159.458740234375,160.55772152561576,156.50526076605678,158.2125962735302,101786900,146.86029739379882,141.5158641052246
2022-08-01,158.47747802734375,160.51842568191043,157.8691239569894,157.9868660422736,67829400,147.96809921264648,141.92189376831055
2022-08-02,157.00567626953125,159.36062329417274,156.6328212608233,157.0939978250213,59907000,148.87327880859374,142.36658462524414
2022-08-03,163.01075744628906,163.4621121282082,157.73176722636683,157.82007379818262,82507500,150.0119888305664,142.92666732788086
2022-08-04,162.69679260253906,164.05088687619767,161.34269832888046,162.89303446062004,55474100,150.9667205810547,143.37214309692382
2022-08-05,162.47076416015625,162.96205765324038,160.16167874542583,160.3680286094797,56697000,151.8762985229492,143.86706619262696
2022-08-08,161.9990997314453,164.88790765782107,161.34076829816232,163.47298010260957,60276900,152.86875762939454,144.349415435791
2022-08-09,162.0482635498047,162.9326009401167,160.40734488370262,161.16394115258205,63135500,153.81510543823242,144.7687730407715
2022-08-10,166.29306030273438,166.3913100252121,163.99379489901474,164.76021170255777,70170500,154.9918426513672,145.15802719116212
2022-08-11,165.5560760498047,168.01254335724568,165.26129697429445,167.0987297224726,57149200,155.98552932739258,145.54824111938476
2022-08-12,169.10324096679688,169.1720142653812,166.45024387983412,166.86294364369544,68039400,157.07317047119142,146.01194900512695
2022-08-15,170.17420959472656,170.3707239553057,168.3662534884631,168.53329144460957,54091700,158.36645050048827,146.44801528930665
2022-08-16,170.01705932617188,170.6852264080059,168.6709196812625,169.77141253005902,56377100,159.4590621948242,146.99534957885743
2022-08-17,171.51058959960938,173.08272003979997,169.56507124556938,169.76158567645695,79542000,160.5262649536133,147.55764022827148
2022-08-18,171.11752319335938,171.85446345688476,170.10545976423154,170.72449438338106,62290100,161.46048278808593,148.06163375854493
2022-08-19,168.53334045410156,170.71468497495962,168.32699056998192,170.01704154998163,70346300,162.32730941772462,148.5286622619629
2022-08-22,164.65211486816406,166.90223255698254,164.22959465128477,166.73519456201245,69026800,163.05600357055664,149.02246841430664
2022-08-23,164.31802368164062,165.7722632709113,163.74812140904885,164.17064162540487,54147100,163.8342254638672,149.61772384643555
2022-08-24,164.61277770996094,165.18267989573337,163.35506771138927,164.40644286266408,53841500,164.37255935668946,150.3219023132324
2022-08-25,167.06927490234375,167.17736007756102,165.41853585512217,165.84104108991514,51218200,165.00624313354493,151.05794204711913
2022-08-26,160.77085876464844,168.0714870002958,160.7119059513814,167.5998495010736,78961000,165.07184906005858,151.61561569213868
2022-08-29,158.5698699951172,160.06339120592008,157.037036914349,158.34386422553015,73314000,165.07646865844725,152.23465301513673
2022-08-30,156.14292907714844,159.72936621122975,154.9736479587286,159.30686092942906,77906200,165.03333129882813,152.77571502685547
2022-08-31,154.48236083984375,157.78385443277264,154.40375206464415,157.51855169061037,87991100,164.60691146850587,153.1989840698242
2022-09-01,155.20945739746094,155.66143904544523,151.97673759886456,153.91243529158203,74229900,164.23254470825196,153.64699951171875
2022-09-02,153.09689331054688,157.56766760419046,152.2715237467297,156.9682888748041,76957800,163.76385116577148,153.9954605102539
2022-09-06,151.8391876220703,154.3546082697241,151.01381803326322,153.74540904842692,73714800,163.25585556030273,154.25224029541016
2022-09-07,153.24427795410156,153.9419063408882,150.93519246411637,152.1241293530868,87449600,162.81565628051757,154.53712188720704
2022-09-08,151.77041625976562,153.63732582875608,150.0213973567108,151.94727474830393,84923800,162.08952407836915,154.87534118652343
2022-09-09,154.62969970703125,155.07187581808674,152.0553267593616,152.76279054534643,68028800,161.54320526123047,155.23561889648437
2022-09-12,160.58419799804688,161.39974706706778,156.52612358553827,156.81106723949068,104956000,161.11725311279298,155.76424438476562
2022-09-13,151.1611785888672,157.7445084078153,150.6993615052029,157.11565333541313,122656600,160.1666015625,156.06103912353515
2022-09-14,152.60557556152344,154.3644145838136,150.93518075875835,152.0946261536245,87965400,159.29602737426757,156.3351089477539
2022-09-15,149.71676635742188,152.5368010537083,148.7440148881969,151.9570633678186,90481100,158.2063362121582,156.52471313476562
2022-09-16,148.07583618164062,148.71452663381027,145.78640700828322,148.57696507371128,162278800,157.05425186157225,156.61418670654297
2022-09-19,151.7900390625,151.8686478234834,146.50373107588743,146.71006595451675,81474200,156.2170867919922,156.76440338134765
2022-09-20,154.1678924560547,155.32735289857166,150.41441795742156,150.72883799724963,107689800,155.69287567138673,157.00476287841798
2022-09-21,151.0432891845703,155.97588059110078,150.92538353116046,154.60024966459952,101696800,155.0291389465332,157.16320251464845
2022-09-22,150.08035278320312,151.7802241971407,148.28221666613402,149.72662084225365,86652500,154.30251770019532,157.3096432495117
2022-09-23,147.81056213378906,148.8324610577634,145.97312915554878,148.55733788432917,96029900,153.33958206176757,157.35220764160155
2022-09-26,148.14462280273438,151.0923833374164,147.03429487021683,147.0539508051786,93339400,152.70827026367186,157.36809173583984
2022-09-27,149.11740112304688,152.02586530633175,147.33892101138343,150.08034720002962,84442700,152.23564682006835,157.464267578125
2022-09-28,147.2308349609375,148.01690757279204,142.31789987820665,145.06914652315353,146691400,151.7900421142578,157.44558776855467
2022-09-29,139.99899291992188,144.16516723784525,138.2303333041484,143.55596808972413,128138200,151.0658737182617,157.24223693847657
2022-09-30,135.7935333251953,140.60821907927374,135.59701890511008,138.8199033723931,124925300,150.09507751464844,156.90944427490234
2022-10-03,139.96951293945312,140.57872706512543,135.2924042908768,135.80335372086685,114311700,149.43870849609374,156.68489837646484
2022-10-04,143.5559844970703,143.67389015390162,141.74801279814906,142.50460908002574,87830100,149.02454833984376,156.55445343017578
2022-10-05,143.8507537841797,144.81369999304195,140.51978392175167,141.5613389023429,79471000,148.55487213134765,156.45639678955078
2022-10-06,142.89759826660156,144.97085711790666,142.69126342442033,143.27098606704342,68402200,148.11123123168946,156.2374267578125
2022-10-07,137.65061950683594,140.60821619318722,137.02176437961742,140.05795483791823,85925600,147.26227722167968,155.90252716064452
2022-10-10,137.97482299804688,139.4192266505053,136.15704659384804,137.97482299804688,74899000,146.13180847167968,155.47284881591796
2022-10-11,136.55995178222656,138.88869341854974,135.8131909792421,137.46393012049913,77033700,145.40174713134766,155.03449829101564
2022-10-12,135.9311065673828,137.91593686444165,135.7542480720767,136.70735883391194,70433700,144.56802368164062,154.61300689697265
2022-10-13,140.50015258789062,141.0896959265644,132.03024051986287,132.63945479417762,113224000,144.10719299316406,154.1627947998047
2022-10-14,135.97039794921875,142.00348171103434,135.78370401470698,141.79713183786654,88598000,143.50192108154297,153.62826690673828
2022-10-17,139.9302215576172,140.41167960335844,137.82748592791265,138.61355854500806,85250900,142.90893020629883,153.1774560546875
2022-10-18,141.24691772460938,144.14554712451348,138.1615943476007,142.95662494362372,99136600,142.26288146972655,152.7624124145508
2022-10-19,141.35498046875,142.42599680685538,139.03607431855443,139.22276826600364,61758300,141.77846603393556,152.34854675292968
2022-10-20,140.89317321777344,143.3496411342512,140.16605331698352,140.52962076392365,64522000,141.31910705566406,151.84054901123048
2022-10-21,144.70558166503906,145.27548388473534,140.16601984417193,140.3821901686459,86548600,141.16385803222656,151.42353912353516
2022-10-24,146.84762573242188,147.6140424012265,143.45770354454174,144.62698448602487,75981900,141.09900817871093,150.97842681884765
2022-10-25,149.68731689453125,149.83471395703802,146.75921150175503,147.476495894735,74732300,141.12750396728515,150.56868896484374
2022-10-26,146.7493896484375,149.3434189974195,145.46218795090752,148.33135548203074,88194300,141.10343170166016,150.10333557128905
2022-10-27,142.27859497070312,146.45458955551916,141.62026350591435,145.49165853167307,109180200,141.21741180419923,149.51869567871094
2022-10-28,153.0281219482422,154.75746986477446,145.24603383421282,145.619406740808,164762400,142.07914123535156,149.1569076538086
2022-10-31,150.6698760986328,151.55421333060897,149.27460445858512,150.4930176480896,97943200,142.61415939331056,148.7996383666992
2022-11-01,148.02671813964844,152.74313850206963,146.53319676946654,152.37958612806426,80379300,142.83769607543945,148.4671304321289
2022-11-02,142.50457763671875,149.520247538893,142.47510122901483,146.35631650525693,93604600,142.7703872680664,148.03086151123046
2022-11-03,136.4617156982422,140.31345573900342,136.33397456392473,139.5863358104831,97918500,142.44859313964844,147.4678402709961
2022-11-04,136.1959686279297,140.4182534262788,132.25910018387182,139.84740569973505,140814800,142.37586059570313,146.8503741455078
2022-11-07,136.7274169921875,136.95378268582516,133.52871190234,134.94598671425354,83374600,142.31349029541016,146.3695053100586
2022-11-08,137.29824829101562,139.19777957129702,135.31997786188919,138.1938892139262,89908500,142.35040512084962,145.94407287597656
2022-11-09,132.7413330078125,136.363259132224,132.46575346788492,136.31404528196006,74917800,142.1909164428711,145.47604095458985
2022-11-10,144.5519561767578,144.5519561767578,137.2982811810409,139.0108242882595,118854000,142.39350662231445,145.27743286132812
2022-11-11,147.3372802734375,147.64238513720315,142.0914019190675,143.5185285677149,93979700,142.96185073852538,145.11998931884764
2022-11-14,145.939697265625,147.90813128864986,145.10310679865555,146.61880940644215,73374100,143.26232452392577,144.9768453979492
2022-11-15,147.67190551757812,151.16587871608763,146.21526862726066,149.81750629168315,89868300,143.5835739135742,144.89349975585938
2022-11-16,146.441650390625,147.50460662223392,144.96532479416157,146.77629560614008,64218300,143.83790740966796,144.75744720458985
2022-11-17,148.34120178222656,149.08920136807347,143.84332244877638,144.1189020339811,80389400,144.21030883789064,144.68886291503907
2022-11-18,148.9021759033203,150.28992540848853,147.60301733738748,149.90608139833125,74829600,144.42013854980468,144.57431243896485
2022-11-21,145.67398071289062,147.99673387925796,145.38856433603218,147.79005667966175,58724100,144.36145629882813,144.2761080932617
2022-11-22,147.80972290039062,148.0459404204949,144.6110171948753,145.79208977743497,51804100,144.2675765991211,144.20907897949218
2022-11-23,148.68568420410156,149.4336837921187,146.98297781162248,147.09124229312135,58301400,144.3643913269043,144.13068115234375
2022-11-25,145.77235412597656,146.53020528404244,144.79797406560616,145.96919448681064,35195900,144.53907928466796,144.05179290771486
2022-11-28,141.9438018798828,144.32560563619245,141.1170630589414,142.84927987681326,69246000,143.98486328125,143.9291522216797
2022-11-29,138.9419403076172,142.52449031453185,138.1348900130404,142.0126931655547,83763800,143.39846649169922,143.67219024658203
2022-11-30,145.69363403320312,146.3727461321645,138.33169544585772,139.16827084330671,111380900,143.28181228637695,143.502705078125
2022-12-01,145.96922302246094,146.7762881829984,144.29605710134743,145.87081033178356,71250400,143.45504455566407,143.4012237548828
2022-12-02,145.47711181640625,145.66411544857186,143.35119950014382,143.65631938407483,65447400,143.90581436157225,143.30915893554686
2022-12-05,144.3157196044922,148.53800322701198,143.46929252401586,145.43772619787177,68826400,144.3118019104004,143.23926208496093
2022-12-06,140.65444946289062,144.9751613197971,139.68006926529813,144.74879562385667,64727200,144.50815353393554,143.08945861816406
2022-12-07,138.71559143066406,141.10723230872713,137.7904247473433,139.9458630801939,69721100,144.57902069091796,142.8814224243164
2022-12-08,140.39857482910156,141.25485398858248,138.87305021328396,140.11315845458282,62128300,144.9618827819824,142.7447772216797
2022-12-09,139.91629028320312,143.27247380855323,138.67616726979998,140.09344213199822,76097000,144.7300994873047,142.74312316894532
2022-12-12,142.2095184326172,142.21935519606154,138.8336463442299,140.44776160871248,70462700,144.47371139526368,142.87144287109376
2022-12-13,143.174072265625,147.60304951034107,141.96348935709867,147.14046624112265,93886200,144.33543014526367,142.9355340576172
2022-12-14,140.94973754882812,144.34528354143862,138.93208948952125,143.05596154285573,82291200,143.99932174682618,142.88340911865234
2022-12-15,134.34561157226562,139.5619643292127,133.88302841156911,138.88285224146853,98931900,143.3945198059082,142.69330627441406
2022-12-16,132.3870086669922,135.47744910553232,131.61932069307161,134.53260929976452,160156900,142.5968101501465,142.48309448242188
2022-12-19,130.28079223632812,133.0661279935264,129.24737645818792,132.97755207276447,79592600,141.66574096679688,142.33569793701173
2022-12-20,130.2119140625,131.14691722297425,127.83994745250583,129.31627297471567,77432800,140.89263763427735,142.1804397583008
2022-12-21,133.31219482421875,134.6507305969255,130.65481182459862,130.88117753836192,85928000,140.16776123046876,142.11548461914063
2022-12-22,130.1429901123047,132.43621717922085,128.24345879689446,132.2295400503929,77852100,139.2406265258789,141.99972229003907
2022-12-23,129.77886962890625,130.3300288114699,127.5939064280565,128.85370313619094,63814900,138.4409523010254,141.78529663085936
2022-12-27,127.97771453857422,129.33593858388994,126.68839288069665,129.30641328011848,69007800,137.74264793395997,141.62544296264647
2022-12-28,124.05071258544922,128.96195335269854,123.88339749624971,127.62341762114275,85438400,136.99808654785156,141.30785278320312
2022-12-29,127.56436157226562,128.42062552699434,125.71403637929805,125.9699273840094,75703700,136.09162292480468,141.03420166015624
2022-12-30,127.87931823730469,127.8990067839709,125.41878304163788,126.38331908581098,77034200,135.18712768554687,140.76468841552733
2023-01-03,123.09603881835938,128.83401910387516,122.21024188035268,128.22380927578908,112117500,134.06807403564454,140.40874572753907
2023-01-04,124.36566925048828,126.62937150933897,123.10587260552037,124.8873030948284,89113600,133.07057151794433,140.00194747924806
2023-01-05,123.04682159423828,125.7534186864637,122.79093054834856,125.12352032753697,80962700,132.19019012451173,139.52593139648437
2023-01-06,127.57418823242188,128.2336117453076,122.91884655664052,124.02117217456781,87754700,131.63311996459962,139.0836688232422
2023-01-09,128.09580993652344,131.30436630158056,127.83991897613902,128.4107665197256,70790800,131.0179817199707,138.7105972290039
2023-01-10,128.66668701171875,129.18832083166095,126.09787998496417,128.20410381019116,63896200,130.45550155639648,138.43835906982423
2023-01-11,131.38316345214844,131.40283698381694,128.40098644639082,129.17851145026387,69458900,129.91418380737304,138.00545989990235
2023-01-12,131.30442810058594,132.14100375978632,129.3655188993163,131.7670114136582,71379600,129.3207015991211,137.61815093994142
2023-01-13,132.633056640625,132.7905349401524,129.5819934315568,129.9461488585014,57809700,128.90486755371094,137.31027770996093
2023-01-17,133.7944793701172,135.12316348796887,132.01304876349633,132.70199775252627,63646600,128.8773109436035,137.1360757446289
2023-01-18,133.07598876953125,136.42232060237055,132.8988218980733,134.6605787592018,69672800,128.91175994873046,137.06836120605467
2023-01-19,133.135009765625,134.09953801753062,131.65868457644117,131.9637893793328,58280400,129.05447082519532,137.0071420288086
2023-01-20,135.6940155029297,135.84165708820683,132.1016288639502,133.14489665420894,80223600,129.3285758972168,136.98647399902345
2023-01-23,138.88284301757812,141.05796890647485,135.7235002594527,135.9400291721196,81760300,129.60710830688475,137.01816589355468
2023-01-24,140.2804412841797,140.90050277108796,138.08564168128757,138.0954784443646,66435100,130.1139808654785,137.16894805908203
2023-01-25,139.62103271484375,140.18202862963406,136.61916767862735,138.6663409653264,65799300,130.6060890197754,137.07032958984374
2023-01-26,141.6878662109375,141.97328249331738,139.6603668579937,140.91032647908082,54105100,131.29159660339354,136.95734130859375
2023-01-27,143.62677001953125,144.9062550377642,140.82176076743906,140.90049992434123,70555800,132.27039947509766,136.91108276367189
2023-01-30,140.7430419921875,143.2527985417942,140.59541543784155,142.6721140707524,64015300,132.92933349609376,136.77250549316406
2023-01-31,142.0126953125,142.0619091768315,140.03442411726166,140.44779354531312,65874500,133.63600234985353,136.68392639160157
2023-02-01,143.1346435546875,144.29602720051471,139.08952688042356,141.69769542128986,77663600,134.63793258666993,136.5797952270508
2023-02-02,148.4396209716797,148.79392468833726,145.83143680858885,146.54991104174482,118339000,135.84163017272948,136.57054412841796
2023-02-03,152.06155395507812,154.89610423261004,145.49682718195612,145.6936676139042,154357300,137.2923667907715,136.69829559326172
2023-02-06,149.33526611328125,150.6836538403975,148.4002628109197,150.1620199448286,69858300,138.38042068481445,136.72880645751954
2023-02-07,152.20916748046875,152.7800151967711,148.26246234257331,148.26246234257331,83322600,139.58608856201172,136.79927612304687
2023-02-08,149.522216796875,152.14023713020924,148.7840541853079,151.45128836300464,64120100,140.62886505126954,136.87427337646486
2023-02-09,148.4888153076172,151.89421276586904,148.04592065726195,151.35289040745275,56007100,141.48414764404296,137.00517364501954
2023-02-10,148.85353088378906,149.17882019931434,147.08909918660703,147.32567733632254,57450700,142.36160278320312,137.20340545654298
2023-02-13,151.6529541015625,152.05708767351098,148.76478808797367,148.79435847028975,62199000,143.31259765625,137.32259185791017
2023-02-14,151.01226806640625,151.5741355635304,148.7056873791277,149.9476888936107,61707600,144.17348709106446,137.42345275878907
2023-02-15,153.11183166503906,153.27940219693946,150.6968215839401,150.92353288699502,65573800,145.17527923583984,137.57614715576173
2023-02-16,151.51498413085938,154.09756497312395,151.16012443154224,151.3178281549916,68167900,146.09427795410156,137.72013244628906
2023-02-17,150.37155151367188,150.81512239489066,148.69583093968438,150.17441057100683,59144100,146.82815475463866,137.9144744873047
2023-02-21,146.35968017578125,149.1394173925265,146.29068760704538,148.05511953332274,58867200,147.20199661254884,138.06735626220703
2023-02-22,146.7835235595703,147.80866542554767,145.0585140913541,146.74408634882758,51011300,147.52715072631835,138.19505523681642
2023-02-23,147.2665252685547,148.1931042440918,145.1373820304515,147.94667430552937,48394200,147.9094253540039,138.34205993652344
2023-02-24,144.6149444580078,145.0880857046954,143.6390765358812,145.0092263234326,55469600,148.05577926635743,138.39016845703125
2023-02-27,145.80763244628906,147.03978187039664,145.3443430595537,145.60063976593545,44998500,148.16482238769532,138.44283966064452
2023-02-28,145.30494689941406,146.95109701970668,144.7332276594082,144.95008720013072,50547000,148.39291763305664,138.52994384765626
2023-03-01,143.23489379882812,145.12747337658178,142.93917494961042,144.73319160488182,55479000,148.45402755737305,138.7077294921875
2023-03-02,143.82635498046875,144.61493369350907,141.8450488958328,142.31820514818978,52238100,148.4886131286621,138.93651641845702
2023-03-03,148.87326049804688,148.9521198871165,145.22610023869615,145.9259528752422,70732300,148.51029510498046,139.3083657836914
2023-03-06,151.6332550048828,154.06798373466975,151.26854354881283,151.59381779613093,87558000,148.4888801574707,139.73679260253905
2023-03-07,149.4351348876953,151.83042689733767,148.97184535612897,151.50513754277677,56182000,148.4938735961914,140.0592514038086
2023-03-08,150.68699645996094,151.2784344169459,149.6618543808646,150.62785567244086,47204800,148.41776504516602,140.4701315307617
2023-03-09,148.43954467773438,152.33313497413033,148.08468493947933,151.3671337581158,53833600,148.36363143920897,140.8433450317383
2023-03-10,146.37937927246094,148.78453780981002,145.5020893181875,148.06496662146847,68572400,148.25815963745117,141.21137832641602
2023-03-13,148.3212432861328,150.95311305935627,145.59079552733544,145.69922529511118,84457100,148.23154525756837,141.69678894042968
2023-03-14,150.41099548339844,151.20942619347872,147.95656256587642,149.11970482478546,73695900,148.16944732666016,142.15372161865236
2023-03-15,150.8052520751953,151.0615337650689,147.77908558210245,149.03095372752588,77167900,148.15909652709962,142.61224029541015
2023-03-16,153.62442016601562,154.22570978036399,149.47453364061312,149.98711209240733,76161100,148.18472595214843,143.22280792236327
2023-03-17,152.7865447998047,154.50170239485772,152.07682545294745,153.85112382009055,98944600,148.2483039855957,143.7912254333496
2023-03-20,155.1522674560547,155.5662829465371,151.94867858194203,152.85555389921097,73641400,148.48733978271486,144.43333435058594
2023-03-21,157.00546264648438,157.1237442200261,154.3045847371103,155.0734600878072,73938300,149.01962890625,145.0219598388672
2023-03-22,155.57618713378906,159.82463786522675,155.55646852262672,157.02519671590775,75701800,149.45926208496093,145.5715673828125
2023-03-23,156.66043090820312,159.24302685232914,155.4282812343858,156.56186795883147,67622100,149.92895736694337,146.13144226074218
2023-03-24,157.96156311035156,158.0502742629719,155.59584212848588,156.5914134921843,59196500,150.59628829956054,146.66301025390624
2023-03-27,156.0197296142578,158.47417734472043,155.61558088418133,157.6560281012329,52390300,151.10689315795898,147.1573162841797
2023-03-28,155.39871215820312,156.22672817707905,153.7525619849842,155.714149696992,45992200,151.61158142089843,147.61262939453124
2023-03-29,158.47418212890625,158.75018247951246,157.07446176772007,157.09416533498404,51305700,152.37354583740233,148.10622344970704
2023-03-30,160.04148864746094,160.1499184415396,158.9670575321584,159.22333929957506,49501700,153.18430252075194,148.64553344726562
2023-03-31,162.54519653320312,162.64377453412575,159.597903820846,160.12033413577524,68749800,153.86789932250977,149.23373718261718
2023-04-03,163.79705810546875,163.91533966892132,161.87490749491164,161.92419649331373,56976200,154.47608947753906,149.79579803466797
2023-04-04,163.26475524902344,164.45746763773894,162.75217680448466,164.22090454094308,46278300,155.16757049560547,150.28343627929686
2023-04-05,161.42147827148438,162.69306530915642,159.48947577581393,162.38749456021097,51511700,155.70429458618165,150.70625701904297
2023-04-06,162.30862426757812,162.60434321282244,159.686606015777,160.1104583059446,45390100,156.39774856567382,151.16000885009765
2023-04-10,159.71615600585938,159.71615600585938,157.79400566862077,159.11486640899105,47716900,157.06458740234376,151.5205746459961
2023-04-11,158.50372314453125,160.04144339602837,158.21785602238293,160.03159161422226,47644200,157.57371139526367,151.8181137084961
2023-04-12,157.81373596191406,159.7457382241708,157.49829842634344,158.9177372546322,50133100,157.94384841918946,152.15952758789064
2023-04-13,163.19578552246094,163.4323637150449,159.11490570596376,159.32191350458623,68445600,158.56337509155273,152.58318939208985
2023-04-14,162.8507537841797,163.9449032227771,161.48060404043056,162.23959735915352,49386500,159.02469177246093,152.97751159667968
2023-04-17,162.87045288085938,163.02817163401676,161.68759231395518,162.73245273206868,41516200,159.52888717651368,153.2661282348633
2023-04-18,164.0927734375,165.01935243982652,163.2844759960185,163.72806193096773,49923000,159.97591247558594,153.5067526245117
2023-04-19,165.2362060546875,165.7586363174907,163.17604035173306,163.43233711220313,47720200,160.3874496459961,153.82477142333985
2023-04-20,164.2701873779297,165.47276665465435,163.1957564794937,163.71818673436218,52456400,160.82214965820313,154.06599182128906
2023-04-21,162.66346740722656,164.0730393438838,162.14103717495192,162.69303779464673,58337300,161.1223014831543,154.3288168334961
2023-04-24,162.96905517578125,163.23520373133107,161.54961626736943,162.643765839196,41949600,161.37267608642577,154.6184216308594
2023-04-25,161.4313201904297,163.93504162144998,161.3918829793584,162.83104036567903,48714100,161.64325561523438,154.86997741699219
2023-04-26,161.42147827148438,162.91977666468185,160.47519563222698,160.73147738017352,45498800,161.94439392089845,155.06534790039063
2023-04-27,166.00506591796875,166.1529178634098,162.83104713478986,162.83104713478986,64902300,162.32093811035156,155.36520385742188
2023-04-28,167.25692749023438,167.424513091262,165.4826438930684,166.08393356927388,55275900,162.68171005249025,155.64810577392578
2023-05-01,167.168212890625,168.01593249804148,166.2317821133474,166.86264216717663,52472900,162.91286087036133,155.9611703491211
2023-05-02,166.13319396972656,167.91735928630777,165.14747425578494,167.6610625345139,48425700,163.02966766357423,156.27640319824218
2023-05-03,165.05877685546875,168.47922575134587,164.77292473257992,167.07950544573387,65136000,163.11936874389647,156.65038513183595
2023-05-04,163.42245483398438,164.65460440159984,161.96359395737636,162.53531316165655,81235400,163.21941757202148,156.9831637573242
2023-05-05,171.09140014648438,171.81097141948842,168.32151475691046,168.53837432535954,113453200,163.6585563659668,157.4596612548828
2023-05-08,171.02239990234375,171.36740787815765,169.65224986499234,170.0169614090474,55962800,164.223868560791,157.98781036376954
2023-05-09,169.31710815429688,171.06182151405454,169.14953757945023,170.5788283985824,45326900,164.7645378112793,158.4579998779297
2023-05-10,171.08151245117188,171.54480192353225,169.44521410372417,170.5492304195713,53724500,165.42792663574218,158.97353118896484
2023-05-11,171.268798828125,172.09679977091955,169.71135988855104,171.3673768150292,49514700,165.8315773010254,159.53420928955077
2023-05-12,170.34095764160156,171.8117019924622,168.79122976444327,171.3773829679925,45533100,166.2060874938965,160.06450134277344
2023-05-15,169.847412109375,170.97268634600138,169.2551561693846,170.92332917405315,37266700,166.55493545532227,160.483984375
2023-05-16,169.847412109375,170.903583292935,169.58089543020992,169.76844364659667,42110300,166.84266738891603,160.84826751708985
2023-05-17,170.4594268798828,170.6963172454511,168.21874344813716,169.4920894098534,57951600,167.10382843017578,161.2687533569336
2023-05-18,172.78890991210938,172.97645812210007,170.35081330561755,170.76538642479474,65496700,167.52976455688477,161.71079162597655
2023-05-19,172.8975067138672,174.11161490131875,172.68034719263906,174.11161490131875,55809500,168.0414665222168,162.19995086669923
2023-05-22,171.9499053955078,172.45332751081392,171.2095929310653,171.73274586766902,43570900,168.49050903320312,162.71136138916015
2023-05-23,169.343994140625,171.140492823502,169.06761204505847,170.89372201948225,50747300,168.8861427307129,163.13181640625
2023-05-24,169.62039184570312,170.19290197111815,168.31744971265542,168.88007936551583,45143500,169.29608840942382,163.51600433349608
2023-05-25,170.75552368164062,171.65375792303627,169.47231254318322,170.18301363335365,56058300,169.53361129760742,163.915009765625
2023-05-26,173.1639862060547,173.49960591702484,170.87396117733175,171.08125526170468,54835000,169.82896423339844,164.3058010864258
2023-05-30,175.00987243652344,176.6780456265802,174.28930584342234,174.6742677286896,55964400,170.22104721069337,164.75026763916014
2023-05-31,174.9604949951172,177.03337571367211,174.4768188110026,175.03946345752533,99625300,170.66241226196288,165.1464321899414
2023-06-01,177.76382446289062,177.79343575638538,174.64463768008144,175.40469602373648,68901800,171.29766464233398,165.56159942626954
2023-06-02,178.61268615722656,179.4319669478336,176.94451328757913,178.69165461361322,61996900,172.0571762084961,166.0223294067383
2023-06-05,177.26039123535156,182.56102285189482,175.7402747725204,180.27099781019854,121946500,172.36562576293946,166.43432861328125
2023-06-06,176.8951873779297,177.79342164547316,175.13816542041533,177.64536518975015,64848400,172.65926513671874,166.8130010986328
2023-06-07,175.5231475830078,178.86935913776645,175.02960596689772,176.135134367242,61944600,172.9695671081543,167.2030694580078
2023-06-08,178.2376251220703,178.50412674833163,175.1677956906412,175.60209965770608,50214900,173.3273727416992,167.65984771728515
2023-06-09,178.62255859375,179.87614324556046,178.29681937394096,179.15557682326966,48900000,173.69506072998047,168.06281524658203
2023-06-12,181.416015625,181.51472997018058,178.63244881890137,178.92857679274874,54274900,174.2488136291504,168.4903057861328
2023-06-13,180.9422149658203,181.7713612206094,180.08345742062403,180.4388079672042,54929100,174.80355377197264,168.85824615478515
2023-06-14,181.5739288330078,182.00824779635482,179.66886572578127,181.00141884147698,57462900,175.3898796081543,169.21378356933593
2023-06-15,183.6073455810547,184.11076766616947,181.4061542027307,181.5838370156226,65433200,176.0472755432129,169.62063537597658
2023-06-16,182.5314178466797,184.57468723659963,181.88981981135748,184.31803597311566,101256200,176.5344009399414,170.04283416748046
2023-06-20,182.62026977539062,183.69620198313194,182.02802885230534,182.02802885230534,49799100,177.0205390930176,170.44906707763673
2023-06-21,181.5838165283203,183.01508403325016,180.2315024183292,182.51166200493424,49515700,177.5022346496582,170.88642028808593
2023-06-22,184.5845489501953,184.63390612000734,181.29756025506936,181.3666633051449,51245300,178.2642623901367,171.4080368041992
2023-06-23,184.26869201660156,185.13733008755815,182.62026481317798,183.15329819733586,53117000,178.99667739868164,171.93713592529298
2023-06-26,182.87689208984375,185.62098193195177,182.83740033087778,184.41673933227065,48088700,179.6027458190918,172.33075805664063
2023-06-27,185.63084411621094,185.9565833444032,183.27171612569057,183.48887561115208,50730800,180.2260887145996,172.78635986328126
2023-06-28,186.80548095703125,187.4470789620611,185.17679982937508,185.5025240055518,51216800,180.815869140625,173.2650604248047
2023-06-29,187.14111328125,187.6149240946042,186.49951518133068,186.63770623646846,46347300,181.42490005493164,173.7260272216797
2023-06-30,191.46453857421875,191.96794560784363,188.78953634841974,189.1547673916645,85213200,182.10993576049805,174.2505938720703
2023-07-03,189.97402954101562,191.37568580561538,189.28305928715224,191.27697146600818,31458200,182.6780029296875,174.76467071533204
2023-07-05,188.85862731933594,190.48730854754436,188.15779163185775,189.09553270560195,46920300,183.2579147338867,175.28857391357423
2023-07-06,189.3323974609375,189.5396915286371,186.75611009728527,187.38784264698543,45094300,183.8797752380371,175.81584075927734
2023-07-07,188.21702575683594,190.1813268348204,187.78272178125238,188.93760736945495,46815000,184.51446914672852,176.35155487060547
2023-07-10,186.17376708984375,187.5359467558433,184.62403920180722,186.8153651594175,59922200,184.9112762451172,176.84660064697266
2023-07-11,185.65060424804688,186.85484691926047,184.18972537508213,186.71665587805697,46638100,185.26267852783204,177.2395114135742
2023-07-12,187.31881713867188,189.223880831428,186.03560573302573,187.22996818763008,60750200,185.5578186035156,177.64074920654298
2023-07-13,188.07884216308594,188.72045533421505,187.32866429002723,188.03936545890204,41342300,185.9146499633789,178.05896179199217
2023-07-14,188.22686767578125,188.7105287268448,187.1805620612046,187.77280284934832,41616200,186.24729690551757,178.50083526611328
2023-07-17,191.48426818847656,191.81000743962883,189.33241906132668,189.421252931179,50520200,186.64114303588866,179.02934509277344
2023-07-18,191.22763061523438,191.8198865800326,189.93455398917624,190.85254922844402,48288200,187.0759536743164,179.58544860839845
2023-07-19,192.57994079589844,195.66950100927124,190.16157487576123,190.6057743707706,80507300,187.5739372253418,180.01521942138672
2023-07-20,190.63539123535156,193.9322456468904,190.01352397351403,192.57006595398724,59581200,188.02651596069336,180.40747924804688
2023-07-21,189.4607696533203,192.4516308259383,188.75993388819955,191.5928731808388,71951700,188.27032699584962,180.81035247802734
2023-07-24,190.2602996826172,192.3924031537896,189.76675804919924,190.91177825353577,45377800,188.56990737915038,181.19392822265624
2023-07-25,191.11904907226562,191.92846454581797,190.42809382758358,190.83280156435973,37283200,188.98201522827148,181.59093322753907
2023-07-26,191.98768615722656,193.11296042478057,190.8229351880455,191.1684052777898,47471900,189.29985733032225,182.02386779785155
2023-07-27,190.72422790527344,194.6528150463848,190.06288393124004,193.48806403406496,47460200,189.49579467773438,182.44140411376952
2023-07-28,193.30052185058594,194.09019149232068,191.63234868611636,192.15550162315532,48291400,189.80376510620118,182.91046630859375
2023-07-31,193.91249084472656,193.95198260711592,192.7378594315981,193.52752900074864,38824100,189.92616271972656,183.37952758789064
2023-08-01,193.08334350585938,194.1888718595327,192.75760424557473,193.7052107356477,35175100,190.08162841796874,183.7854162597656
2023-08-02,190.0924835205078,192.65889079076135,189.37191700535638,192.52069974591456,50389300,190.14332122802733,184.12931579589844
2023-08-03,188.70069885253906,189.885195713569,188.22690312046603,189.09554118067888,61235200,190.11173629760742,184.46433166503905
2023-08-04,179.63926696777344,184.9596445164711,179.57016391801557,183.12366926443607,115956800,189.6828483581543,184.67023712158203
2023-08-07,176.53982543945312,180.76454006954836,175.05920073091434,179.7774569305225,97576100,189.20115127563477,184.80862579345703
2023-08-08,177.47756958007812,177.94149990785485,175.2862435821482,177.3689898212007,67823000,188.79249954223633,184.9430667114258
2023-08-09,175.8883514404297,178.59294967088076,174.72358547458126,178.53372709089916,60378500,188.22097625732422,184.99755401611327
2023-08-10,175.6711883544922,178.41527829006225,175.30597241092943,177.1616784798233,54686900,187.60059356689453,185.01078033447266
2023-08-11,175.7305145263672,176.55090180538758,174.50488805624465,175.26597277471524,52036700,186.97577590942382,185.02618072509765
2023-08-14,177.3811492919922,177.60848075837384,175.2560457553654,175.90840396188517,43675600,186.2706199645996,185.01852722167968
2023-08-15,175.39442443847656,177.40090780634856,174.99906405268155,176.80786722765603,43622600,185.4789596557617,184.9541619873047
2023-08-16,174.524658203125,176.47182426987777,174.4554618287455,175.0781688700227,46964900,184.57619552612306,184.89944732666015
2023-08-17,171.9844207763672,175.4537562487029,171.47044012349116,175.08804707675128,66062900,183.64364700317384,184.8012319946289
2023-08-18,172.46871948242188,173.0716538674228,169.96802811890126,170.30408595131965,61172200,182.7940444946289,184.74014343261717
2023-08-21,173.80308532714844,174.08973444525807,171.7274205434044,173.0420157807921,46311900,181.97118377685547,184.65145263671874
2023-08-22,175.177001953125,175.62178623446252,174.20835828322907,175.00897300604348,42038900,181.17408142089843,184.58254150390624
2023-08-23,179.0219268798828,179.44695366375947,176.264252478764,176.45205395893973,52722800,180.52579345703126,184.53465972900392
2023-08-24,174.33682250976562,179.00214733275968,173.9710983264249,178.57712060131817,54945800,179.70642318725587,184.40255187988282
2023-08-25,176.54098510742188,177.0747231196245,173.78331106065053,175.3252376314931,51449600,178.86844635009766,184.30189300537108
2023-08-28,178.1027069091797,178.49806733287568,176.48170504077262,178.003859262239,43820700,178.0779571533203,184.1918002319336
2023-08-29,181.9871826171875,182.7581460326424,177.4207046822572,177.61838490226515,53003900,177.5231491088867,184.18091552734376
2023-08-30,185.47628784179688,185.67398314097,182.6000082560471,182.7976884731864,60813900,177.29233932495117,184.23803588867187
2023-08-31,185.69371032714844,186.9292303353549,185.30822868786927,185.664059053514,60794500,177.14198989868163,184.32023376464844
2023-09-01,187.2653350830078,187.7199980774023,186.09899615427736,187.29498636168424,45766500,177.52329330444337,184.37384948730468
2023-09-05,187.50254821777344,187.7793035443977,185.43676200045883,186.09899903788357,45280000,178.07142944335936,184.43852661132811
2023-09-06,180.7912139892578,186.66240873519862,179.36789222272253,186.21760937163043,81755800,178.23711166381835,184.3968130493164
2023-09-07,175.503173828125,176.1456533918577,171.52973657694065,173.15073850258275,112488800,178.2178527832031,184.1942596435547
2023-09-08,176.11598205566406,178.15213198996554,175.7305003611282,176.2840260730559,65551300,178.2400924682617,183.98046966552735
2023-09-11,177.2823028564453,178.21141635408188,175.2856982178241,177.98408488615974,58953100,178.31768188476562,183.78329345703125
2023-09-12,174.2577667236328,178.043402311121,172.79491507430095,177.4108165912451,90370200,178.16151275634766,183.43915802001953
2023-09-13,172.1919708251953,175.24617287306006,171.96462426919445,174.46531572894506,84267900,178.0013900756836,183.08351684570312
2023-09-14,173.70425415039062,174.060084556446,171.56927171405846,171.98440467411754,60895800,177.9603698730469,182.78042938232423
2023-09-15,172.9827117919922,174.45545734300367,171.80650919609533,174.43568479625586,109259500,178.01028442382812,182.4534356689453
2023-09-18,175.9084014892578,177.30207170667876,174.12924962468128,174.4356561798522,67257600,178.18226852416993,182.20726318359374
2023-09-19,176.99569702148438,177.54920768301113,175.07816717117066,175.4636488877364,51826900,178.3418991088867,182.02370178222657
2023-09-20,173.45713806152344,177.61836118650515,173.36816915467014,177.18345571133617,58436200,178.25590591430665,181.7798324584961
2023-09-21,171.9152069091797,174.25776334751873,171.846025624082,172.5280351536478,63149100,177.90056991577148,181.47176025390624
2023-09-22,172.76524353027344,175.0287248458324,172.03382526857388,172.6466384244914,56725400,177.82199096679688,181.16548828125
2023-09-25,174.04034423828125,174.9200341436397,172.13269293306647,172.1821167645658,46172700,177.69695892333985,180.8817578125
2023-09-26,169.96804809570312,173.1705067749598,169.67152023376326,172.7949188930673,64588900,177.29022598266602,180.45143341064454
2023-09-27,168.45574951171875,171.0355161486817,167.09174554279588,170.6203831944849,66921800,176.61365432739257,179.99599578857422
2023-09-28,168.7127227783203,170.03719654623248,165.67827853899746,167.3783551982996,56294400,175.77547607421874,179.51865142822265
2023-09-29,169.2267303466797,171.06518493104676,168.36679806748614,170.02734498983367,51861100,174.9521270751953,179.09047821044922
2023-10-02,171.73728942871094,172.28092127496365,168.94994891630552,169.2365980179806,52164500,174.17572479248048,178.73600860595704
2023-10-03,170.4029083251953,171.61867083541966,168.84122435442626,170.2645306917589,49594600,173.32074279785155,178.3388607788086
2023-10-04,171.64834594726562,172.19197782627828,168.98950418793981,169.10810929534875,53020300,172.86359939575195,177.9494467163086
2023-10-05,172.8838653564453,173.41760341955526,170.67968657288918,171.77682905786853,48527900,172.73263397216797,177.56737030029296
2023-10-06,175.43397521972656,175.9281832590251,171.17388925206592,171.78671747657816,57266700,172.6985336303711,177.26156524658202
2023-10-09,176.9166259765625,176.97592853708252,173.7635757979471,174.76187075811515,42390800,172.68024978637695,176.93388732910157
2023-10-10,176.32354736328125,177.6381425852869,175.88864186643335,176.03691333055846,43698000,172.78353881835938,176.58210845947266
2023-10-11,177.7172393798828,177.7666632072918,175.54272671219826,176.13576739500243,47551100,173.05980224609374,176.27478637695313
2023-10-12,178.61666870117188,180.2277765858699,176.96600064702005,177.98408304070654,56743100,173.3054229736328,176.0452700805664
2023-10-13,176.77822875976562,179.82253713140665,176.07644667980117,179.31845034069394,51427100,173.49519882202148,175.80682067871095
2023-10-16,176.6497344970703,177.0055649122618,174.46532818230494,174.70255348644375,52517000,173.53226547241212,175.74703002929687
2023-10-17,175.097900390625,176.35319301979084,172.7751316803463,174.60369235668924,57549400,173.43737564086913,175.71819152832032
2023-10-18,173.80308532714844,175.52293478970745,173.08154578913502,173.54610256783715,54764400,173.45467300415038,175.6447018432617
2023-10-19,173.427490234375,175.7799102245973,173.16061367257353,174.00075828264139,59302900,173.53028717041016,175.59548461914062
2023-10-20,170.8773956298828,173.3879661145723,170.64017031492207,173.27923973046956,64244000,173.43589477539064,175.49960876464843
2023-10-23,170.99598693847656,171.99428177951037,167.96154224302492,168.93020088937016,55980100,173.2836769104004,175.40491821289064
2023-10-24,171.43089294433594,171.65822442721412,169.4639394511676,171.045411263789,43816600,173.35681915283203,175.2859130859375
2023-10-25,169.1179962158203,171.05528327402416,168.6731969171006,169.88895954662036,57157000,173.38993148803712,175.1603845214844
2023-10-26,164.956787109375,169.39478149468584,163.7509180796386,168.39647143119544,70625300,173.20213470458984,174.96902709960938
2023-10-27,166.2713623046875,167.00279566914165,164.89746448966903,164.97653958977486,58499100,173.05436630249022,174.85476593017577
2023-10-30,168.3173828125,169.18719386762373,166.91383366211736,167.06210513671374,51131000,172.88337097167968,174.77173919677733
2023-10-31,168.7918243408203,168.92030818010912,165.9550598323106,167.38827526603964,44846000,172.80281677246094,174.67151397705078
2023-11-01,171.95474243164062,172.2117251766134,168.14933458405196,169.01914553939386,56934900,172.8181365966797,174.60706878662108
2023-11-02,175.51303100585938,175.72058991359089,173.42747270619202,173.48677525125817,77334800,172.9495948791504,174.53689086914062
2023-11-03,174.60369873046875,174.77174274032964,171.34193765305042,172.22162738228718,79829200,172.9080810546875,174.5422283935547
2023-11-06,177.15382385253906,177.35150406781844,174.16881791314302,174.33684685023218,63841300,172.91994094848633,174.55448516845703
2023-11-07,179.7138214111328,180.32663456302825,176.89682951103612,177.1043884447924,70530000,173.0894546508789,174.5867074584961
2023-11-08,180.77142333984375,181.32493395317235,179.4864793691692,180.23768527185777,49340300,173.24216384887694,174.5623922729492
2023-11-09,180.29698181152344,181.98716487212562,179.7039261272927,180.84061367506283,53763500,173.32617950439453,174.45880615234375
2023-11-10,184.48348999023438,184.65175539538808,181.6430032262288,182.07848170612579,66133400,173.71144256591796,174.43460174560548
2023-11-13,182.8999481201172,184.11729742228064,182.31601793716675,183.9094650326421,43627500,174.02395324707032,174.34729400634765
2023-11-14,185.5127716064453,186.17588095169376,184.3844935246658,185.77009288758788,60108400,174.54469680786133,174.3074984741211
2023-11-15,186.07693481445312,187.55162053928348,185.84930383072194,185.91859136162876,53790500,175.15838928222655,174.413212890625
2023-11-16,187.75946044921875,188.99660829200764,186.7103463929358,187.62090049490251,54412900,175.87498779296874,174.6583386230469
2023-11-17,187.73968505859375,188.42259316852056,186.63120528706287,188.29392494435922,50922700,176.7181022644043,174.89081268310548
2023-11-20,189.48155212402344,189.9368291546864,187.9277023558229,187.93759410143886,46505100,177.64238052368165,175.13479766845703
2023-11-21,188.67991638183594,189.5508734120303,187.78917585688575,189.442003783256,38134500,178.50483169555665,175.4232406616211
2023-11-22,189.34300231933594,190.9463411053134,188.8679417719912,189.52115946327928,39617700,179.5160820007324,175.7662612915039
2023-11-24,188.01681518554688,188.93724609528368,187.30421669327737,188.90755574993122,24048300,180.66908340454103,176.05251251220704
2023-11-27,187.83863830566406,188.70959528304604,186.95778958150402,187.96730652329646,40552600,181.74744720458983,176.34963104248047
2023-11-28,188.44236755371094,189.11538388382388,187.45264920500045,187.82874701011957,38415400,182.7536964416504,176.60031036376952
2023-11-29,187.42295837402344,190.11499348364924,187.02707707633283,188.93722623545,43014200,183.68525314331055,176.80885559082031
2023-11-30,187.99697875976562,188.36318478193425,186.2550800746654,187.888109148078,48794400,184.48736495971679,177.09965240478516
2023-12-01,189.2737579345703,189.59045997908729,187.28441422563267,188.3731105390764,45704800,185.17540130615234,177.44682342529296
2023-12-04,187.48231506347656,188.09595062883508,185.52267721747734,188.0266631045601,43389500,185.81933212280273,177.74116485595704
2023-12-05,191.43130493164062,192.40122460244103,188.22461231756913,188.25431775925796,66628400,186.5332061767578,178.08898406982422
2023-12-06,190.34262084960938,192.7575206909756,190.1347733725338,192.45071045016567,41089700,187.06464614868165,178.49647552490234
2023-12-07,192.2725830078125,192.99507315570867,191.59956669458757,191.63916388460834,47477700,187.63970413208008,178.97281219482423
2023-12-08,193.69776916503906,193.97488907234165,191.67873543823174,192.2032849129047,53406400,188.30974349975585,179.47251312255858
2023-12-11,191.19378662109375,191.50061200003438,189.45188773429211,191.12451418849048,60943700,188.64525833129883,179.91185424804686
2023-12-12,192.70806884765625,192.71796059458774,189.7488055095461,191.09482308550778,52696900,189.1356643676758,180.33126983642578
2023-12-13,195.92465209960938,195.96423418895137,192.8466274130704,193.08415015292962,70404200,189.656258392334,180.84170471191408
2023-12-14,196.07308959960938,197.56755876987646,194.14314196862804,195.9840185786185,66831600,190.15606613159179,181.33019958496095
2023-12-15,195.5386505126953,196.36010340669733,194.97450383643803,195.4990533238864,128538400,190.54502563476564,181.78329528808592
2023-12-18,193.87594604492188,194.60834313263763,192.3913683739152,194.07388671400844,55751900,190.85183868408203,182.15213470458986
2023-12-19,194.91513061523438,194.92502236186388,193.87592334681435,194.1431515248431,40714100,191.12351760864257,182.5121047973633
2023-12-20,192.82681274414062,195.64750075817219,192.82681274414062,194.87552171417178,52242800,191.33086242675782,182.84217010498048
2023-12-21,192.67835998535156,195.05369307239374,191.51049958819766,194.08377332368417,46482500,191.49763031005858,183.14139251708986
2023-12-22,191.60946655273438,193.40085423729087,190.98593919883143,193.17320815773428,37149600,191.67726287841796,183.4012484741211
2023-12-26,191.0651397705078,191.8964996004414,190.84740051477698,191.6193796571302,28919300,191.83858795166014,183.68698669433593
2023-12-27,191.16407775878906,191.51048519395766,189.12526053943682,190.51087517820892,48087700,191.97467346191405,183.9772735595703
2023-12-28,191.58969116210938,192.65858885458314,191.18390299052217,192.14393105407996,34049900,192.18301010131836,184.307109375
2023-12-29,190.55047607421875,192.40124458871406,189.75869835988954,191.90638540499626,42672100,192.31068496704103,184.6420571899414
